name,email,role,status,written_test,technical_assessment,pm_assessment,hr_evaluation
Kanchi Bhatia,kanchi.bhatia@example.com,Software Engineer,Passed,22,24,20,25
Drashti Rajgor,drashti.rajgor@example.com,Data Scientist,Passed,20,22,22,25
Anmol Chawla,anmol.chawla@example.com,Backend Developer,Passed,22,22,24,22
Kavish Golecha,kavish.golecha@example.com,DevOps Engineer,Passed,22,23,21,20
Nikunj Sankaliya,nikunj.sankaliya@example.com,AI Engineer,Passed,20,25,24,21
Rohit Vastani,rohit.vastani@example.com,Generative AI Engineer,Passed,21,24,24,23
Anika Patel0,anika.patel0@example.com,Data Scientist,Pending,16,6,5,11
Meera Singh1,meera.singh1@example.com,Software Engineer,Failed,13,20,22,6
Aarav Joshi2,aarav.joshi2@example.com,Business Analyst,Passed,23,16,18,20
Aarav Agarwal3,aarav.agarwal3@example.com,Software Engineer,Passed,7,14,11,10
Diya Kapoor4,diya.kapoor4@example.com,Data Scientist,Failed,13,13,10,9
Vivaan Gupta5,vivaan.gupta5@example.com,Data Scientist,Pending,6,15,25,6
Aditya Patel6,aditya.patel6@example.com,Software Engineer,Failed,25,18,22,23
Aarav Patel7,aarav.patel7@example.com,Data Analyst,Failed,21,22,12,10
Meera Kapoor8,meera.kapoor8@example.com,Software Engineer,Pending,23,24,23,15
Ishaan Singh9,ishaan.singh9@example.com,Data Analyst,Pending,8,5,7,22
Diya Patel10,diya.patel10@example.com,AI Engineer,Pending,5,6,10,5
Diya Gupta11,diya.gupta11@example.com,AI Engineer,Failed,16,8,12,16
Krishna Agarwal12,krishna.agarwal12@example.com,UI/UX Designer,Failed,18,8,7,8
Krishna Malhotra13,krishna.malhotra13@example.com,Product Manager,Pending,18,8,6,11
Vivaan Kapoor14,vivaan.kapoor14@example.com,AI Engineer,Failed,14,12,16,8
Aanya Patel15,aanya.patel15@example.com,Data Scientist,Passed,9,10,23,14
Diya Kapoor16,diya.kapoor16@example.com,Business Analyst,Pending,10,16,6,20
Aanya Kapoor17,aanya.kapoor17@example.com,Frontend Developer,Passed,23,17,22,14
Krishna Kapoor18,krishna.kapoor18@example.com,Frontend Developer,Failed,8,23,13,8
Meera Gupta19,meera.gupta19@example.com,Data Analyst,Passed,10,12,9,22
Krishna Kapoor20,krishna.kapoor20@example.com,Data Analyst,Failed,20,10,11,19
Aanya Mehta21,aanya.mehta21@example.com,Backend Developer,Passed,14,15,17,9
Anika Joshi22,anika.joshi22@example.com,Backend Developer,Failed,5,11,17,16
Krishna Malhotra23,krishna.malhotra23@example.com,AI Engineer,Failed,8,6,18,6
Meera Kapoor24,meera.kapoor24@example.com,Business Analyst,Failed,25,16,14,10
Riya Mehta25,riya.mehta25@example.com,Data Scientist,Pending,9,8,9,25
Aarav Agarwal26,aarav.agarwal26@example.com,DevOps Engineer,Failed,21,14,15,23
Meera Patel27,meera.patel27@example.com,Backend Developer,Passed,21,21,12,20
Aarav Kapoor28,aarav.kapoor28@example.com,DevOps Engineer,Passed,17,20,5,14
Anika Gupta29,anika.gupta29@example.com,Data Analyst,Passed,14,11,24,13
Aarav Singh30,aarav.singh30@example.com,DevOps Engineer,Failed,24,21,6,5
Aditya Kapoor31,aditya.kapoor31@example.com,Business Analyst,Passed,15,11,10,13
Aditya Joshi32,aditya.joshi32@example.com,Product Manager,Pending,5,6,12,15
Riya Kapoor33,riya.kapoor33@example.com,Data Scientist,Pending,11,25,15,21
Aanya Mehta34,aanya.mehta34@example.com,Backend Developer,Pending,10,16,7,13
Anika Jain35,anika.jain35@example.com,Frontend Developer,Pending,22,8,6,21
Krishna Patel36,krishna.patel36@example.com,UI/UX Designer,Passed,20,17,21,13
Ishaan Patel37,ishaan.patel37@example.com,Backend Developer,Failed,11,24,15,9
Vivaan Singh38,vivaan.singh38@example.com,UI/UX Designer,Pending,23,25,24,8
Aarav Joshi39,aarav.joshi39@example.com,DevOps Engineer,Failed,25,14,16,8
Riya Gupta40,riya.gupta40@example.com,Software Engineer,Failed,18,5,13,10
Ishaan Gupta41,ishaan.gupta41@example.com,DevOps Engineer,Failed,11,17,12,10
Ishaan Agarwal42,ishaan.agarwal42@example.com,Frontend Developer,Failed,18,11,24,19
Ishaan Joshi43,ishaan.joshi43@example.com,AI Engineer,Failed,24,18,12,15
Aarav Agarwal44,aarav.agarwal44@example.com,Business Analyst,Passed,20,11,9,8
Krishna Shah45,krishna.shah45@example.com,UI/UX Designer,Passed,6,20,14,25
Ishaan Malhotra46,ishaan.malhotra46@example.com,UI/UX Designer,Failed,7,24,10,12
Aditya Kapoor47,aditya.kapoor47@example.com,Business Analyst,Failed,6,5,9,6
Aditya Kapoor48,aditya.kapoor48@example.com,Data Analyst,Passed,5,23,14,22
Anika Kapoor49,anika.kapoor49@example.com,Frontend Developer,Passed,16,5,6,17
Riya Mehta50,riya.mehta50@example.com,Frontend Developer,Passed,12,7,8,22
Ishaan Shah51,ishaan.shah51@example.com,AI Engineer,Passed,20,24,21,13
Aarav Joshi52,aarav.joshi52@example.com,UI/UX Designer,Failed,10,10,13,12
Anika Gupta53,anika.gupta53@example.com,Data Scientist,Failed,19,21,7,17
Aarav Joshi54,aarav.joshi54@example.com,Software Engineer,Pending,7,13,7,20
Diya Jain55,diya.jain55@example.com,Software Engineer,Failed,16,20,6,19
Meera Gupta56,meera.gupta56@example.com,Data Scientist,Pending,9,21,19,21
Aarav Gupta57,aarav.gupta57@example.com,DevOps Engineer,Pending,5,23,12,12
Ishaan Mehta58,ishaan.mehta58@example.com,Data Scientist,Pending,12,11,23,13
Aditya Malhotra59,aditya.malhotra59@example.com,Data Analyst,Failed,15,13,9,5
Anika Agarwal60,anika.agarwal60@example.com,Data Analyst,Pending,17,22,22,14
Anika Shah61,anika.shah61@example.com,Data Analyst,Passed,24,12,18,25
Aanya Mehta62,aanya.mehta62@example.com,Data Analyst,Failed,15,25,22,25
Meera Jain63,meera.jain63@example.com,Software Engineer,Pending,24,7,23,25
Anika Singh64,anika.singh64@example.com,Business Analyst,Failed,20,24,22,6
Diya Jain65,diya.jain65@example.com,Software Engineer,Pending,23,21,13,25
Vivaan Agarwal66,vivaan.agarwal66@example.com,Frontend Developer,Passed,15,22,7,13
Anika Patel67,anika.patel67@example.com,DevOps Engineer,Passed,8,19,25,7
Ishaan Singh68,ishaan.singh68@example.com,Product Manager,Passed,16,10,6,18
Ishaan Gupta69,ishaan.gupta69@example.com,Frontend Developer,Passed,19,15,21,21
Ishaan Mehta70,ishaan.mehta70@example.com,Business Analyst,Failed,7,22,21,14
Krishna Jain71,krishna.jain71@example.com,Data Analyst,Failed,6,20,15,18
Anika Gupta72,anika.gupta72@example.com,Data Analyst,Passed,20,12,11,23
Anika Gupta73,anika.gupta73@example.com,DevOps Engineer,Pending,18,11,6,14
Aditya Mehta74,aditya.mehta74@example.com,UI/UX Designer,Passed,15,24,5,8
Vivaan Joshi75,vivaan.joshi75@example.com,Business Analyst,Pending,21,21,14,8
Diya Joshi76,diya.joshi76@example.com,UI/UX Designer,Failed,9,21,22,23
Ishaan Mehta77,ishaan.mehta77@example.com,Data Analyst,Passed,16,15,15,16
Aarav Patel78,aarav.patel78@example.com,AI Engineer,Pending,12,22,16,6
Aditya Patel79,aditya.patel79@example.com,Data Analyst,Passed,14,19,7,14
Krishna Mehta80,krishna.mehta80@example.com,Data Analyst,Passed,8,10,18,25
Ishaan Joshi81,ishaan.joshi81@example.com,Software Engineer,Failed,9,6,15,20
Krishna Jain82,krishna.jain82@example.com,UI/UX Designer,Failed,10,23,13,18
Aanya Malhotra83,aanya.malhotra83@example.com,DevOps Engineer,Passed,5,10,15,11
Anika Shah84,anika.shah84@example.com,Business Analyst,Failed,14,25,16,17
Ishaan Joshi85,ishaan.joshi85@example.com,DevOps Engineer,Pending,22,6,14,16
Anika Kapoor86,anika.kapoor86@example.com,Software Engineer,Passed,17,15,11,19
Aanya Mehta87,aanya.mehta87@example.com,Data Analyst,Pending,15,14,9,17
Diya Gupta88,diya.gupta88@example.com,Software Engineer,Failed,11,19,7,11
Aarav Singh89,aarav.singh89@example.com,Product Manager,Pending,18,25,7,9
Aditya Kapoor90,aditya.kapoor90@example.com,Business Analyst,Passed,7,11,10,18
Vivaan Mehta91,vivaan.mehta91@example.com,DevOps Engineer,Passed,22,24,10,6
Anika Patel92,anika.patel92@example.com,Software Engineer,Passed,15,13,6,25
Diya Joshi93,diya.joshi93@example.com,Product Manager,Passed,16,6,13,17
Aarav Malhotra94,aarav.malhotra94@example.com,Product Manager,Pending,16,14,24,24
Vivaan Mehta95,vivaan.mehta95@example.com,Software Engineer,Failed,8,14,18,8
Anika Joshi96,anika.joshi96@example.com,Product Manager,Failed,16,9,11,10
Ishaan Shah97,ishaan.shah97@example.com,UI/UX Designer,Failed,9,9,20,23
Krishna Jain98,krishna.jain98@example.com,Data Scientist,Pending,21,13,25,23
Aanya Gupta99,aanya.gupta99@example.com,UI/UX Designer,Passed,12,16,10,5
Aanya Agarwal100,aanya.agarwal100@example.com,Business Analyst,Passed,18,5,15,11
Krishna Patel101,krishna.patel101@example.com,Product Manager,Pending,21,8,11,23
Vivaan Mehta102,vivaan.mehta102@example.com,Product Manager,Failed,14,17,16,24
Anika Joshi103,anika.joshi103@example.com,DevOps Engineer,Pending,15,22,25,18
Krishna Singh104,krishna.singh104@example.com,Software Engineer,Pending,10,8,14,10
Vivaan Patel105,vivaan.patel105@example.com,UI/UX Designer,Failed,20,23,12,18
Riya Malhotra106,riya.malhotra106@example.com,Data Scientist,Pending,10,13,18,6
Anika Agarwal107,anika.agarwal107@example.com,Backend Developer,Failed,9,17,5,25
Aditya Malhotra108,aditya.malhotra108@example.com,DevOps Engineer,Failed,15,13,14,7
Aarav Singh109,aarav.singh109@example.com,AI Engineer,Pending,13,15,24,8
Anika Gupta110,anika.gupta110@example.com,Product Manager,Failed,22,23,5,24
Aarav Kapoor111,aarav.kapoor111@example.com,AI Engineer,Pending,5,5,22,18
Ishaan Jain112,ishaan.jain112@example.com,Data Analyst,Pending,18,7,7,22
Anika Singh113,anika.singh113@example.com,AI Engineer,Failed,5,11,6,13
Aarav Jain114,aarav.jain114@example.com,Frontend Developer,Passed,25,11,13,14
Anika Singh115,anika.singh115@example.com,Software Engineer,Failed,15,14,17,25
Diya Jain116,diya.jain116@example.com,UI/UX Designer,Failed,16,23,8,14
Meera Gupta117,meera.gupta117@example.com,Business Analyst,Pending,14,11,9,25
Diya Malhotra118,diya.malhotra118@example.com,UI/UX Designer,Pending,20,16,11,21
Krishna Shah119,krishna.shah119@example.com,UI/UX Designer,Failed,13,25,14,21
Riya Singh120,riya.singh120@example.com,Data Analyst,Pending,8,6,13,21
Ishaan Agarwal121,ishaan.agarwal121@example.com,Product Manager,Pending,20,9,9,23
Vivaan Gupta122,vivaan.gupta122@example.com,UI/UX Designer,Pending,7,12,10,21
Riya Mehta123,riya.mehta123@example.com,Data Analyst,Failed,5,21,8,16
Riya Kapoor124,riya.kapoor124@example.com,Data Analyst,Passed,6,25,13,19
Diya Shah125,diya.shah125@example.com,Business Analyst,Pending,5,5,11,25
Aanya Malhotra126,aanya.malhotra126@example.com,Data Analyst,Pending,6,20,11,13
Diya Agarwal127,diya.agarwal127@example.com,Business Analyst,Passed,11,15,23,6
Meera Gupta128,meera.gupta128@example.com,Product Manager,Failed,10,9,20,15
Vivaan Gupta129,vivaan.gupta129@example.com,Data Scientist,Passed,17,24,6,5
Riya Malhotra130,riya.malhotra130@example.com,Software Engineer,Pending,16,25,25,8
Diya Patel131,diya.patel131@example.com,Data Scientist,Pending,5,25,21,7
Diya Patel132,diya.patel132@example.com,Data Analyst,Pending,24,6,15,23
Ishaan Patel133,ishaan.patel133@example.com,DevOps Engineer,Failed,5,5,18,5
Aanya Agarwal134,aanya.agarwal134@example.com,Backend Developer,Pending,8,19,20,24
Krishna Singh135,krishna.singh135@example.com,DevOps Engineer,Pending,23,8,5,22
Krishna Gupta136,krishna.gupta136@example.com,Product Manager,Passed,9,10,12,21
Vivaan Malhotra137,vivaan.malhotra137@example.com,Backend Developer,Passed,8,23,9,17
Meera Agarwal138,meera.agarwal138@example.com,Data Scientist,Failed,10,5,22,6
Aditya Singh139,aditya.singh139@example.com,UI/UX Designer,Pending,23,24,12,12
Vivaan Mehta140,vivaan.mehta140@example.com,Software Engineer,Pending,10,14,6,7
Riya Mehta141,riya.mehta141@example.com,Backend Developer,Failed,14,12,25,19
Riya Gupta142,riya.gupta142@example.com,Product Manager,Failed,23,8,17,25
Vivaan Kapoor143,vivaan.kapoor143@example.com,DevOps Engineer,Pending,16,20,9,5
Krishna Shah144,krishna.shah144@example.com,Software Engineer,Pending,8,5,23,13
Aditya Gupta145,aditya.gupta145@example.com,Data Scientist,Failed,13,21,21,7
Krishna Mehta146,krishna.mehta146@example.com,Software Engineer,Failed,24,21,6,16
Krishna Kapoor147,krishna.kapoor147@example.com,Data Scientist,Pending,15,25,18,19
Riya Agarwal148,riya.agarwal148@example.com,Product Manager,Failed,21,20,24,16
Aditya Jain149,aditya.jain149@example.com,UI/UX Designer,Pending,16,13,13,14
Aditya Shah150,aditya.shah150@example.com,Software Engineer,Passed,10,8,13,16
Diya Joshi151,diya.joshi151@example.com,Data Analyst,Failed,17,8,5,11
Aanya Patel152,aanya.patel152@example.com,UI/UX Designer,Passed,14,17,21,18
Aarav Agarwal153,aarav.agarwal153@example.com,Software Engineer,Pending,6,24,7,7
Ishaan Kapoor154,ishaan.kapoor154@example.com,DevOps Engineer,Pending,21,22,5,13
Ishaan Malhotra155,ishaan.malhotra155@example.com,Data Scientist,Pending,10,14,21,18
Anika Jain156,anika.jain156@example.com,DevOps Engineer,Failed,8,20,15,12
Vivaan Shah157,vivaan.shah157@example.com,Software Engineer,Pending,7,21,11,13
Aanya Mehta158,aanya.mehta158@example.com,Data Scientist,Pending,21,14,19,10
Anika Agarwal159,anika.agarwal159@example.com,Data Analyst,Failed,6,11,17,6
Aarav Joshi160,aarav.joshi160@example.com,AI Engineer,Failed,20,18,11,7
Aarav Gupta161,aarav.gupta161@example.com,AI Engineer,Failed,21,7,23,20
Meera Kapoor162,meera.kapoor162@example.com,AI Engineer,Pending,9,16,12,21
Diya Shah163,diya.shah163@example.com,Business Analyst,Failed,11,20,13,11
Aarav Singh164,aarav.singh164@example.com,Data Analyst,Failed,6,16,21,22
Riya Agarwal165,riya.agarwal165@example.com,Frontend Developer,Pending,19,13,11,10
Riya Shah166,riya.shah166@example.com,Software Engineer,Passed,11,17,5,18
Meera Gupta167,meera.gupta167@example.com,Backend Developer,Pending,23,20,9,7
Aanya Shah168,aanya.shah168@example.com,UI/UX Designer,Passed,12,19,12,5
Meera Jain169,meera.jain169@example.com,Backend Developer,Failed,22,18,15,20
Aanya Gupta170,aanya.gupta170@example.com,AI Engineer,Passed,22,17,24,6
Meera Patel171,meera.patel171@example.com,Frontend Developer,Failed,22,14,12,22
Riya Mehta172,riya.mehta172@example.com,Data Scientist,Passed,6,19,11,17
Vivaan Patel173,vivaan.patel173@example.com,UI/UX Designer,Failed,10,13,14,14
Aarav Shah174,aarav.shah174@example.com,DevOps Engineer,Passed,13,10,24,25
Krishna Shah175,krishna.shah175@example.com,Product Manager,Pending,20,15,8,19
Diya Patel176,diya.patel176@example.com,Backend Developer,Failed,18,18,14,19
Ishaan Malhotra177,ishaan.malhotra177@example.com,Backend Developer,Passed,7,6,11,24
Anika Patel178,anika.patel178@example.com,Product Manager,Passed,22,25,5,12
Meera Jain179,meera.jain179@example.com,Product Manager,Pending,9,14,14,9
Diya Patel180,diya.patel180@example.com,Backend Developer,Failed,9,13,12,24
Ishaan Gupta181,ishaan.gupta181@example.com,Software Engineer,Pending,13,13,10,6
Aanya Singh182,aanya.singh182@example.com,Backend Developer,Passed,7,17,5,25
Diya Mehta183,diya.mehta183@example.com,Product Manager,Pending,5,23,9,17
Ishaan Kapoor184,ishaan.kapoor184@example.com,Product Manager,Pending,12,10,21,14
Anika Joshi185,anika.joshi185@example.com,Data Analyst,Failed,17,25,8,16
Vivaan Kapoor186,vivaan.kapoor186@example.com,Software Engineer,Failed,19,17,6,10
Diya Malhotra187,diya.malhotra187@example.com,Frontend Developer,Failed,21,18,17,9
Meera Malhotra188,meera.malhotra188@example.com,Frontend Developer,Passed,21,12,23,18
Riya Agarwal189,riya.agarwal189@example.com,Backend Developer,Pending,15,25,20,11
Diya Kapoor190,diya.kapoor190@example.com,Product Manager,Pending,24,18,15,18
Ishaan Malhotra191,ishaan.malhotra191@example.com,Data Scientist,Passed,9,11,25,18
Aanya Singh192,aanya.singh192@example.com,Data Analyst,Pending,20,8,19,13
Aarav Patel193,aarav.patel193@example.com,Frontend Developer,Failed,18,20,19,10
Krishna Mehta194,krishna.mehta194@example.com,Backend Developer,Passed,23,12,18,19
Riya Mehta195,riya.mehta195@example.com,Data Scientist,Failed,6,24,8,25
Diya Malhotra196,diya.malhotra196@example.com,Frontend Developer,Failed,24,23,5,18
Aarav Joshi197,aarav.joshi197@example.com,Software Engineer,Passed,5,17,5,13
Krishna Shah198,krishna.shah198@example.com,DevOps Engineer,Pending,15,24,12,14
Aarav Kapoor199,aarav.kapoor199@example.com,Software Engineer,Pending,6,11,11,21
Aarav Kapoor200,aarav.kapoor200@example.com,Data Analyst,Passed,5,17,8,9
Aarav Malhotra201,aarav.malhotra201@example.com,Data Scientist,Failed,17,16,23,9
Aarav Singh202,aarav.singh202@example.com,Backend Developer,Pending,9,19,16,8
Aanya Malhotra203,aanya.malhotra203@example.com,Business Analyst,Passed,22,9,6,9
Meera Jain204,meera.jain204@example.com,Product Manager,Passed,25,19,17,18
Krishna Mehta205,krishna.mehta205@example.com,Data Scientist,Pending,12,17,18,9
Vivaan Malhotra206,vivaan.malhotra206@example.com,Generative AI Engineer,Failed,19,6,9,13
Vivaan Joshi207,vivaan.joshi207@example.com,Data Scientist,Failed,24,9,11,5
Vivaan Shah208,vivaan.shah208@example.com,Software Engineer,Passed,19,6,6,15
Aditya Patel209,aditya.patel209@example.com,Data Scientist,Passed,18,24,17,10
Krishna Mehta210,krishna.mehta210@example.com,DevOps Engineer,Pending,8,7,18,6
Krishna Shah211,krishna.shah211@example.com,UI/UX Designer,Failed,6,22,17,17
Aarav Agarwal212,aarav.agarwal212@example.com,Business Analyst,Pending,24,24,12,7
Anika Patel213,anika.patel213@example.com,Data Analyst,Passed,19,17,7,7
Ishaan Patel214,ishaan.patel214@example.com,AI Engineer,Passed,6,25,16,20
Ishaan Joshi215,ishaan.joshi215@example.com,Business Analyst,Passed,8,11,13,24
Aditya Shah216,aditya.shah216@example.com,Backend Developer,Pending,5,24,14,8
Krishna Shah217,krishna.shah217@example.com,Software Engineer,Passed,9,21,15,12
Meera Singh218,meera.singh218@example.com,Software Engineer,Passed,11,6,22,8
Aanya Gupta219,aanya.gupta219@example.com,Software Engineer,Passed,22,10,22,24
Aditya Malhotra220,aditya.malhotra220@example.com,Business Analyst,Pending,7,7,24,15
Krishna Singh221,krishna.singh221@example.com,Software Engineer,Pending,22,15,9,19
Aditya Agarwal222,aditya.agarwal222@example.com,DevOps Engineer,Failed,24,7,5,6
Anika Patel223,anika.patel223@example.com,AI Engineer,Failed,12,10,20,24
Aditya Gupta224,aditya.gupta224@example.com,UI/UX Designer,Failed,23,23,16,10
Vivaan Malhotra225,vivaan.malhotra225@example.com,Data Analyst,Passed,20,14,18,20
Aditya Gupta226,aditya.gupta226@example.com,Business Analyst,Pending,17,5,18,11
Aditya Singh227,aditya.singh227@example.com,Data Analyst,Failed,16,13,18,20
Aarav Kapoor228,aarav.kapoor228@example.com,Backend Developer,Pending,11,21,7,25
Vivaan Agarwal229,vivaan.agarwal229@example.com,Data Scientist,Failed,5,15,6,17
Ishaan Jain230,ishaan.jain230@example.com,UI/UX Designer,Failed,17,7,17,22
Diya Patel231,diya.patel231@example.com,AI Engineer,Passed,10,19,21,25
Aditya Gupta232,aditya.gupta232@example.com,Data Analyst,Failed,16,6,18,14
Aarav Mehta233,aarav.mehta233@example.com,UI/UX Designer,Pending,11,14,21,13
Diya Singh234,diya.singh234@example.com,Product Manager,Pending,6,6,21,15
Aditya Gupta235,aditya.gupta235@example.com,Business Analyst,Pending,24,19,16,18
Ishaan Kapoor236,ishaan.kapoor236@example.com,Frontend Developer,Passed,23,17,18,15
Diya Malhotra237,diya.malhotra237@example.com,Data Analyst,Passed,20,12,21,16
Aarav Kapoor238,aarav.kapoor238@example.com,AI Engineer,Pending,15,13,6,12
Krishna Malhotra239,krishna.malhotra239@example.com,UI/UX Designer,Pending,13,11,18,16
Aditya Jain240,aditya.jain240@example.com,UI/UX Designer,Passed,15,12,14,15
Aditya Jain241,aditya.jain241@example.com,Frontend Developer,Passed,20,17,21,17
Anika Jain242,anika.jain242@example.com,Software Engineer,Failed,15,12,12,25
Riya Patel243,riya.patel243@example.com,Data Analyst,Passed,25,6,15,24
Meera Mehta244,meera.mehta244@example.com,Data Scientist,Failed,21,12,25,23
Aditya Agarwal245,aditya.agarwal245@example.com,Product Manager,Passed,9,16,24,23
Aarav Mehta246,aarav.mehta246@example.com,Business Analyst,Passed,10,16,21,18
Anika Malhotra247,anika.malhotra247@example.com,Product Manager,Passed,22,16,15,8
Riya Shah248,riya.shah248@example.com,UI/UX Designer,Passed,14,25,22,25
Meera Kapoor249,meera.kapoor249@example.com,Business Analyst,Passed,5,9,17,22
Riya Joshi250,riya.joshi250@example.com,Business Analyst,Failed,24,13,8,19
Meera Kapoor251,meera.kapoor251@example.com,DevOps Engineer,Pending,11,11,20,22
Vivaan Mehta252,vivaan.mehta252@example.com,AI Engineer,Pending,22,9,15,7
Aarav Joshi253,aarav.joshi253@example.com,Product Manager,Failed,19,25,22,9
Aanya Shah254,aanya.shah254@example.com,AI Engineer,Pending,14,14,11,13
Anika Shah255,anika.shah255@example.com,Data Analyst,Failed,23,11,17,15
Aditya Shah256,aditya.shah256@example.com,AI Engineer,Failed,6,22,13,7
Aarav Singh257,aarav.singh257@example.com,Product Manager,Passed,24,9,20,16
Krishna Shah258,krishna.shah258@example.com,DevOps Engineer,Failed,11,6,16,18
Anika Agarwal259,anika.agarwal259@example.com,Frontend Developer,Passed,14,8,14,8
Diya Jain260,diya.jain260@example.com,Business Analyst,Pending,12,24,7,15
Diya Joshi261,diya.joshi261@example.com,UI/UX Designer,Failed,14,16,23,24
Aarav Malhotra262,aarav.malhotra262@example.com,Business Analyst,Failed,5,21,18,6
Ishaan Jain263,ishaan.jain263@example.com,Business Analyst,Pending,18,23,13,15
Krishna Mehta264,krishna.mehta264@example.com,DevOps Engineer,Passed,11,6,13,21
Anika Agarwal265,anika.agarwal265@example.com,Business Analyst,Pending,24,5,10,23
Aditya Shah266,aditya.shah266@example.com,Business Analyst,Failed,24,18,18,17
Riya Singh267,riya.singh267@example.com,Software Engineer,Passed,5,24,18,17
Vivaan Malhotra268,vivaan.malhotra268@example.com,UI/UX Designer,Pending,22,16,8,17
Ishaan Gupta269,ishaan.gupta269@example.com,Product Manager,Pending,21,12,18,17
Ishaan Joshi270,ishaan.joshi270@example.com,Data Scientist,Pending,21,5,13,22
Ishaan Gupta271,ishaan.gupta271@example.com,Backend Developer,Passed,19,11,14,10
Aarav Gupta272,aarav.gupta272@example.com,AI Engineer,Pending,10,6,23,9
Diya Shah273,diya.shah273@example.com,Data Analyst,Pending,8,24,5,14
Riya Patel274,riya.patel274@example.com,AI Engineer,Passed,14,9,8,16
Vivaan Malhotra275,vivaan.malhotra275@example.com,Product Manager,Failed,7,21,16,8
Anika Gupta276,anika.gupta276@example.com,Product Manager,Failed,9,6,8,20
Aditya Jain277,aditya.jain277@example.com,UI/UX Designer,Pending,21,7,9,22
Vivaan Mehta278,vivaan.mehta278@example.com,Software Engineer,Pending,15,23,15,8
Meera Patel279,meera.patel279@example.com,Data Scientist,Failed,19,5,18,19
Vivaan Agarwal280,vivaan.agarwal280@example.com,Business Analyst,Failed,8,10,25,24
Vivaan Patel281,vivaan.patel281@example.com,DevOps Engineer,Passed,13,14,6,14
Aanya Shah282,aanya.shah282@example.com,Frontend Developer,Failed,22,11,22,10
Anika Gupta283,anika.gupta283@example.com,Frontend Developer,Passed,25,5,15,21
Krishna Shah284,krishna.shah284@example.com,AI Engineer,Pending,22,11,13,23
Ishaan Singh285,ishaan.singh285@example.com,Product Manager,Failed,14,24,20,23
Aarav Jain286,aarav.jain286@example.com,Frontend Developer,Pending,22,10,16,16
Diya Kapoor287,diya.kapoor287@example.com,Product Manager,Pending,22,6,17,23
Riya Kapoor288,riya.kapoor288@example.com,Product Manager,Pending,8,12,20,23
Meera Gupta289,meera.gupta289@example.com,UI/UX Designer,Pending,11,11,6,7
Aditya Joshi290,aditya.joshi290@example.com,Generative AI Engineer,Passed,6,20,22,15
Diya Patel291,diya.patel291@example.com,DevOps Engineer,Pending,20,7,23,10
Ishaan Singh292,ishaan.singh292@example.com,Business Analyst,Passed,5,16,18,15
Riya Joshi293,riya.joshi293@example.com,Data Scientist,Failed,24,23,7,20
Meera Patel294,meera.patel294@example.com,Data Analyst,Pending,14,18,13,10
Anika Patel295,anika.patel295@example.com,Product Manager,Failed,7,9,10,25
Aarav Joshi296,aarav.joshi296@example.com,UI/UX Designer,Passed,25,13,13,6
Vivaan Agarwal297,vivaan.agarwal297@example.com,Data Scientist,Passed,15,5,16,13
Aanya Shah298,aanya.shah298@example.com,Data Scientist,Failed,24,8,7,7
Anika Joshi299,anika.joshi299@example.com,AI Engineer,Passed,11,5,7,6
Vivaan Gupta300,vivaan.gupta300@example.com,Data Scientist,Failed,12,13,24,7
Aarav Patel301,aarav.patel301@example.com,Data Analyst,Passed,21,6,25,20
Krishna Shah302,krishna.shah302@example.com,Generative AI Engineer,Passed,15,16,21,9
Krishna Singh303,krishna.singh303@example.com,Data Analyst,Pending,13,13,23,9
Meera Joshi304,meera.joshi304@example.com,Data Scientist,Failed,18,21,13,9
Aarav Malhotra305,aarav.malhotra305@example.com,Frontend Developer,Failed,5,19,6,11
Aarav Agarwal306,aarav.agarwal306@example.com,Backend Developer,Passed,17,12,11,5
Anika Agarwal307,anika.agarwal307@example.com,Data Scientist,Failed,21,24,23,23
Krishna Joshi308,krishna.joshi308@example.com,Frontend Developer,Failed,9,16,24,24
Ishaan Malhotra309,ishaan.malhotra309@example.com,Data Scientist,Passed,18,9,6,6
Riya Jain310,riya.jain310@example.com,DevOps Engineer,Failed,25,13,23,11
Meera Mehta311,meera.mehta311@example.com,Business Analyst,Pending,7,13,22,15
Aarav Agarwal312,aarav.agarwal312@example.com,Product Manager,Failed,12,22,21,12
Diya Jain313,diya.jain313@example.com,Business Analyst,Pending,18,12,21,18
Aanya Jain314,aanya.jain314@example.com,Business Analyst,Failed,20,19,5,9
Vivaan Mehta315,vivaan.mehta315@example.com,Product Manager,Failed,13,10,20,18
Aarav Patel316,aarav.patel316@example.com,Data Analyst,Passed,7,25,12,21
Anika Gupta317,anika.gupta317@example.com,Software Engineer,Failed,13,19,5,18
Aanya Patel318,aanya.patel318@example.com,UI/UX Designer,Passed,6,16,16,21
Riya Gupta319,riya.gupta319@example.com,Business Analyst,Pending,15,19,23,10
Ishaan Agarwal320,ishaan.agarwal320@example.com,Business Analyst,Pending,10,9,20,8
Anika Mehta321,anika.mehta321@example.com,AI Engineer,Passed,11,24,21,18
Aditya Singh322,aditya.singh322@example.com,Data Scientist,Failed,11,15,23,8
Krishna Kapoor323,krishna.kapoor323@example.com,Software Engineer,Passed,24,21,15,13
Krishna Gupta324,krishna.gupta324@example.com,Product Manager,Failed,21,17,16,16
Aarav Patel325,aarav.patel325@example.com,AI Engineer,Passed,16,21,6,25
Aditya Patel326,aditya.patel326@example.com,Software Engineer,Pending,23,7,11,18
Diya Mehta327,diya.mehta327@example.com,Backend Developer,Pending,22,22,17,19
Aditya Mehta328,aditya.mehta328@example.com,Backend Developer,Pending,11,14,17,18
Aarav Shah329,aarav.shah329@example.com,DevOps Engineer,Failed,13,18,15,22
Vivaan Jain330,vivaan.jain330@example.com,Business Analyst,Failed,9,7,24,12
Diya Gupta331,diya.gupta331@example.com,Backend Developer,Failed,11,25,10,14
Riya Gupta332,riya.gupta332@example.com,Data Scientist,Passed,9,9,12,10
Ishaan Joshi333,ishaan.joshi333@example.com,DevOps Engineer,Failed,8,11,7,20
Aarav Gupta334,aarav.gupta334@example.com,Data Analyst,Pending,9,24,23,13
Diya Agarwal335,diya.agarwal335@example.com,Data Scientist,Passed,6,17,13,24
Meera Kapoor336,meera.kapoor336@example.com,UI/UX Designer,Pending,20,16,15,23
Krishna Patel337,krishna.patel337@example.com,Product Manager,Passed,25,14,19,6
Ishaan Mehta338,ishaan.mehta338@example.com,Frontend Developer,Passed,12,23,10,20
Meera Singh339,meera.singh339@example.com,Backend Developer,Pending,11,22,13,5
Riya Jain340,riya.jain340@example.com,DevOps Engineer,Passed,18,21,10,10
Aarav Patel341,aarav.patel341@example.com,Data Analyst,Failed,8,14,24,5
Ishaan Mehta342,ishaan.mehta342@example.com,Data Analyst,Passed,5,14,22,18
Meera Malhotra343,meera.malhotra343@example.com,Frontend Developer,Pending,9,21,6,14
Aanya Kapoor344,aanya.kapoor344@example.com,DevOps Engineer,Failed,19,18,8,11
Ishaan Singh345,ishaan.singh345@example.com,DevOps Engineer,Passed,15,19,8,8
Meera Agarwal346,meera.agarwal346@example.com,Business Analyst,Pending,16,17,20,5
Diya Gupta347,diya.gupta347@example.com,Backend Developer,Failed,19,9,19,24
Vivaan Singh348,vivaan.singh348@example.com,Business Analyst,Pending,20,19,20,13
Diya Malhotra349,diya.malhotra349@example.com,Backend Developer,Failed,11,12,17,23
Meera Shah350,meera.shah350@example.com,Backend Developer,Pending,23,16,25,9
Anika Gupta351,anika.gupta351@example.com,AI Engineer,Failed,18,10,11,20
Ishaan Joshi352,ishaan.joshi352@example.com,Product Manager,Passed,23,22,16,17
Aarav Gupta353,aarav.gupta353@example.com,Data Analyst,Pending,8,25,6,14
Aanya Agarwal354,aanya.agarwal354@example.com,Product Manager,Failed,10,6,9,12
Aanya Shah355,aanya.shah355@example.com,AI Engineer,Passed,9,15,10,20
Ishaan Singh356,ishaan.singh356@example.com,AI Engineer,Failed,22,20,17,6
Riya Shah357,riya.shah357@example.com,Frontend Developer,Pending,17,8,25,13
Ishaan Mehta358,ishaan.mehta358@example.com,DevOps Engineer,Failed,25,15,17,13
Ishaan Gupta359,ishaan.gupta359@example.com,DevOps Engineer,Passed,18,8,19,21
Aanya Agarwal360,aanya.agarwal360@example.com,Software Engineer,Pending,22,12,6,14
Meera Patel361,meera.patel361@example.com,DevOps Engineer,Passed,6,22,15,24
Aarav Singh362,aarav.singh362@example.com,Software Engineer,Pending,17,10,24,14
Aarav Shah363,aarav.shah363@example.com,Product Manager,Pending,22,10,19,16
Ishaan Joshi364,ishaan.joshi364@example.com,Backend Developer,Passed,14,6,10,7
Aarav Singh365,aarav.singh365@example.com,DevOps Engineer,Passed,11,18,23,8
Riya Patel366,riya.patel366@example.com,Software Engineer,Passed,7,20,25,17
Aditya Malhotra367,aditya.malhotra367@example.com,Product Manager,Pending,5,24,11,19
Ishaan Shah368,ishaan.shah368@example.com,UI/UX Designer,Pending,5,14,5,8
Anika Jain369,anika.jain369@example.com,Software Engineer,Failed,9,10,14,5
Aanya Mehta370,aanya.mehta370@example.com,Business Analyst,Pending,9,20,25,25
Meera Jain371,meera.jain371@example.com,Product Manager,Failed,5,15,21,22
Aarav Kapoor372,aarav.kapoor372@example.com,Data Scientist,Failed,6,18,18,13
Krishna Mehta373,krishna.mehta373@example.com,Business Analyst,Failed,21,20,20,16
Aanya Shah374,aanya.shah374@example.com,UI/UX Designer,Pending,14,23,7,22
Krishna Malhotra375,krishna.malhotra375@example.com,DevOps Engineer,Passed,8,16,23,24
Riya Shah376,riya.shah376@example.com,Data Analyst,Pending,21,5,7,25
Ishaan Jain377,ishaan.jain377@example.com,Frontend Developer,Failed,18,13,20,6
Vivaan Mehta378,vivaan.mehta378@example.com,Backend Developer,Passed,20,7,17,11
Ishaan Malhotra379,ishaan.malhotra379@example.com,Backend Developer,Passed,5,13,15,21
Aditya Agarwal380,aditya.agarwal380@example.com,UI/UX Designer,Passed,21,16,18,24
Ishaan Joshi381,ishaan.joshi381@example.com,Backend Developer,Passed,9,17,12,25
Aarav Kapoor382,aarav.kapoor382@example.com,Backend Developer,Passed,7,24,5,16
Aditya Joshi383,aditya.joshi383@example.com,UI/UX Designer,Pending,5,24,17,13
Krishna Mehta384,krishna.mehta384@example.com,DevOps Engineer,Passed,13,6,8,17
Meera Gupta385,meera.gupta385@example.com,Data Analyst,Passed,7,19,11,17
Aanya Kapoor386,aanya.kapoor386@example.com,Software Engineer,Passed,19,14,15,18
Ishaan Patel387,ishaan.patel387@example.com,Business Analyst,Failed,10,13,9,23
Riya Malhotra388,riya.malhotra388@example.com,Data Scientist,Pending,7,13,16,20
Krishna Jain389,krishna.jain389@example.com,Business Analyst,Pending,18,11,11,16
Krishna Malhotra390,krishna.malhotra390@example.com,Product Manager,Failed,19,23,8,8
Meera Kapoor391,meera.kapoor391@example.com,Business Analyst,Passed,25,24,10,22
Aarav Shah392,aarav.shah392@example.com,Product Manager,Failed,25,14,9,13
Aarav Mehta393,aarav.mehta393@example.com,Business Analyst,Failed,17,14,20,18
Riya Singh394,riya.singh394@example.com,AI Engineer,Passed,7,22,25,18
Aarav Patel395,aarav.patel395@example.com,Product Manager,Failed,10,8,11,23
Diya Patel396,diya.patel396@example.com,Backend Developer,Failed,20,24,5,6
Ishaan Jain397,ishaan.jain397@example.com,Product Manager,Passed,24,17,13,21
Anika Mehta398,anika.mehta398@example.com,UI/UX Designer,Pending,13,19,11,17
Aarav Joshi399,aarav.joshi399@example.com,Frontend Developer,Passed,16,25,5,8
Aarav Patel400,aarav.patel400@example.com,Business Analyst,Passed,20,8,18,22
Krishna Joshi401,krishna.joshi401@example.com,UI/UX Designer,Passed,8,16,11,9
Vivaan Singh402,vivaan.singh402@example.com,Data Scientist,Pending,9,18,15,14
Riya Gupta403,riya.gupta403@example.com,AI Engineer,Pending,8,15,16,16
Aarav Jain404,aarav.jain404@example.com,Business Analyst,Pending,23,15,5,17
Riya Jain405,riya.jain405@example.com,Software Engineer,Failed,10,12,18,13
Diya Patel406,diya.patel406@example.com,Software Engineer,Pending,5,8,16,24
Diya Gupta407,diya.gupta407@example.com,Software Engineer,Failed,17,25,18,22
Diya Agarwal408,diya.agarwal408@example.com,Product Manager,Passed,10,24,10,25
Krishna Patel409,krishna.patel409@example.com,Data Analyst,Pending,20,10,24,12
Meera Singh410,meera.singh410@example.com,AI Engineer,Pending,7,6,25,17
Ishaan Agarwal411,ishaan.agarwal411@example.com,Data Analyst,Failed,7,17,21,20
Diya Shah412,diya.shah412@example.com,Business Analyst,Pending,5,18,11,10
Aarav Joshi413,aarav.joshi413@example.com,Software Engineer,Pending,11,14,9,21
Ishaan Kapoor414,ishaan.kapoor414@example.com,Backend Developer,Pending,10,8,8,11
Diya Singh415,diya.singh415@example.com,Backend Developer,Pending,8,25,13,12
Riya Shah416,riya.shah416@example.com,Business Analyst,Passed,8,9,6,8
Anika Kapoor417,anika.kapoor417@example.com,Product Manager,Passed,6,15,14,22
Meera Mehta418,meera.mehta418@example.com,Software Engineer,Pending,17,25,6,24
Diya Jain419,diya.jain419@example.com,Data Scientist,Passed,18,20,15,5
Diya Agarwal420,diya.agarwal420@example.com,Frontend Developer,Passed,21,7,25,18
Diya Joshi421,diya.joshi421@example.com,Business Analyst,Passed,11,24,25,18
Aditya Singh422,aditya.singh422@example.com,Software Engineer,Passed,21,11,14,11
Meera Mehta423,meera.mehta423@example.com,DevOps Engineer,Failed,19,11,21,8
Meera Singh424,meera.singh424@example.com,Data Scientist,Pending,25,9,19,7
Aarav Patel425,aarav.patel425@example.com,Business Analyst,Passed,5,24,14,6
Aanya Shah426,aanya.shah426@example.com,Business Analyst,Failed,25,20,12,24
Krishna Jain427,krishna.jain427@example.com,UI/UX Designer,Failed,23,21,10,24
Riya Patel428,riya.patel428@example.com,Data Scientist,Passed,11,23,11,10
Aarav Mehta429,aarav.mehta429@example.com,AI Engineer,Pending,23,6,12,9
Meera Gupta430,meera.gupta430@example.com,DevOps Engineer,Failed,25,6,17,10
Ishaan Agarwal431,ishaan.agarwal431@example.com,UI/UX Designer,Pending,6,12,18,22
Aanya Shah432,aanya.shah432@example.com,Product Manager,Failed,23,17,8,20
Meera Patel433,meera.patel433@example.com,Data Analyst,Passed,17,12,18,13
Ishaan Gupta434,ishaan.gupta434@example.com,Software Engineer,Failed,21,5,20,24
Aarav Joshi435,aarav.joshi435@example.com,Backend Developer,Failed,9,23,14,7
Aditya Patel436,aditya.patel436@example.com,Backend Developer,Passed,12,19,11,14
Aarav Patel437,aarav.patel437@example.com,Product Manager,Passed,20,18,18,14
Riya Mehta438,riya.mehta438@example.com,AI Engineer,Pending,25,23,9,20
Vivaan Gupta439,vivaan.gupta439@example.com,Backend Developer,Failed,16,19,6,8
Meera Gupta440,meera.gupta440@example.com,Business Analyst,Passed,14,12,13,16
Diya Jain441,diya.jain441@example.com,Business Analyst,Failed,25,7,12,13
Aarav Mehta442,aarav.mehta442@example.com,Frontend Developer,Pending,20,24,19,25
Meera Shah443,meera.shah443@example.com,Business Analyst,Passed,23,21,25,7
Meera Patel444,meera.patel444@example.com,Business Analyst,Passed,8,18,5,9
Vivaan Agarwal445,vivaan.agarwal445@example.com,Business Analyst,Failed,23,15,15,9
Aditya Singh446,aditya.singh446@example.com,UI/UX Designer,Failed,10,12,9,9
Meera Joshi447,meera.joshi447@example.com,DevOps Engineer,Passed,24,7,12,15
Diya Kapoor448,diya.kapoor448@example.com,Frontend Developer,Pending,25,16,23,21
Meera Singh449,meera.singh449@example.com,Software Engineer,Failed,13,19,15,23
Riya Joshi450,riya.joshi450@example.com,DevOps Engineer,Failed,7,22,9,7
Vivaan Malhotra451,vivaan.malhotra451@example.com,Software Engineer,Passed,22,16,23,20
Aarav Mehta452,aarav.mehta452@example.com,Data Analyst,Passed,19,20,17,17
Aditya Shah453,aditya.shah453@example.com,DevOps Engineer,Pending,24,13,6,18
Riya Jain454,riya.jain454@example.com,Backend Developer,Failed,18,20,20,15
Meera Joshi455,meera.joshi455@example.com,Backend Developer,Failed,16,10,8,23
Aanya Singh456,aanya.singh456@example.com,DevOps Engineer,Pending,24,8,25,25
Aditya Shah457,aditya.shah457@example.com,UI/UX Designer,Pending,7,24,23,24
Vivaan Joshi458,vivaan.joshi458@example.com,UI/UX Designer,Pending,8,17,19,9
Ishaan Joshi459,ishaan.joshi459@example.com,DevOps Engineer,Failed,7,16,12,21
Anika Agarwal460,anika.agarwal460@example.com,DevOps Engineer,Passed,21,12,22,16
Meera Malhotra461,meera.malhotra461@example.com,DevOps Engineer,Pending,25,19,13,15
Riya Singh462,riya.singh462@example.com,Backend Developer,Failed,24,25,14,16
Aanya Shah463,aanya.shah463@example.com,Data Scientist,Passed,8,16,7,25
Anika Patel464,anika.patel464@example.com,Data Analyst,Pending,17,16,21,8
Aditya Singh465,aditya.singh465@example.com,Product Manager,Failed,19,6,15,21
Riya Joshi466,riya.joshi466@example.com,DevOps Engineer,Passed,15,16,17,15
Ishaan Malhotra467,ishaan.malhotra467@example.com,Data Analyst,Pending,24,19,11,11
Vivaan Joshi468,vivaan.joshi468@example.com,Data Analyst,Failed,8,11,18,5
Meera Singh469,meera.singh469@example.com,Business Analyst,Passed,8,21,9,17
Diya Jain470,diya.jain470@example.com,DevOps Engineer,Failed,23,18,18,22
Aanya Joshi471,aanya.joshi471@example.com,Product Manager,Passed,12,16,23,5
Ishaan Malhotra472,ishaan.malhotra472@example.com,Data Scientist,Pending,6,19,8,21
Meera Gupta473,meera.gupta473@example.com,Business Analyst,Pending,10,15,24,21
Krishna Singh474,krishna.singh474@example.com,Data Analyst,Passed,24,13,24,13
Riya Kapoor475,riya.kapoor475@example.com,Frontend Developer,Pending,22,11,21,8
Meera Kapoor476,meera.kapoor476@example.com,Backend Developer,Pending,11,17,5,14
Anika Gupta477,anika.gupta477@example.com,DevOps Engineer,Pending,8,25,14,22
Krishna Singh478,krishna.singh478@example.com,Business Analyst,Pending,21,24,16,18
Aditya Malhotra479,aditya.malhotra479@example.com,Software Engineer,Failed,16,24,17,11
Aarav Malhotra480,aarav.malhotra480@example.com,Data Analyst,Passed,14,19,15,16
Vivaan Gupta481,vivaan.gupta481@example.com,UI/UX Designer,Failed,25,13,6,16
Anika Shah482,anika.shah482@example.com,Product Manager,Pending,24,11,9,21
Krishna Malhotra483,krishna.malhotra483@example.com,AI Engineer,Failed,15,21,18,18
Aarav Shah484,aarav.shah484@example.com,Product Manager,Passed,14,22,18,7
Vivaan Mehta485,vivaan.mehta485@example.com,Product Manager,Passed,23,20,12,7
Diya Patel486,diya.patel486@example.com,UI/UX Designer,Pending,21,24,24,25
Krishna Patel487,krishna.patel487@example.com,Data Analyst,Failed,21,22,5,24
Anika Jain488,anika.jain488@example.com,Frontend Developer,Pending,16,8,9,5
Riya Jain489,riya.jain489@example.com,Software Engineer,Failed,6,16,21,12
Krishna Kapoor490,krishna.kapoor490@example.com,Software Engineer,Passed,16,13,5,10
Ishaan Kapoor491,ishaan.kapoor491@example.com,DevOps Engineer,Pending,17,12,21,22
Krishna Kapoor492,krishna.kapoor492@example.com,Product Manager,Failed,7,14,10,24
Diya Joshi493,diya.joshi493@example.com,Frontend Developer,Pending,8,9,15,10
Aanya Mehta494,aanya.mehta494@example.com,Data Analyst,Pending,20,20,16,21
Diya Joshi495,diya.joshi495@example.com,Business Analyst,Passed,14,6,15,10
Diya Singh496,diya.singh496@example.com,Data Analyst,Failed,11,18,9,16
Aditya Kapoor497,aditya.kapoor497@example.com,Frontend Developer,Passed,16,15,12,7
Vivaan Joshi498,vivaan.joshi498@example.com,AI Engineer,Pending,20,14,14,22
Ishaan Patel499,ishaan.patel499@example.com,Software Engineer,Pending,20,6,12,21
Meera Patel500,meera.patel500@example.com,Frontend Developer,Pending,12,21,14,16
Aanya Gupta501,aanya.gupta501@example.com,DevOps Engineer,Passed,6,14,19,25
Aditya Gupta502,aditya.gupta502@example.com,Frontend Developer,Pending,20,14,25,5
Meera Mehta503,meera.mehta503@example.com,Data Scientist,Failed,7,14,24,5
Ishaan Gupta504,ishaan.gupta504@example.com,DevOps Engineer,Passed,11,7,14,22
Aanya Malhotra505,aanya.malhotra505@example.com,Data Scientist,Passed,23,21,11,21
Aditya Malhotra506,aditya.malhotra506@example.com,Product Manager,Pending,23,9,24,6
Aanya Agarwal507,aanya.agarwal507@example.com,UI/UX Designer,Passed,6,21,8,24
Diya Singh508,diya.singh508@example.com,Data Analyst,Failed,14,14,24,19
Aarav Patel509,aarav.patel509@example.com,DevOps Engineer,Passed,22,19,14,21
Diya Kapoor510,diya.kapoor510@example.com,Backend Developer,Failed,6,12,17,25
Aarav Joshi511,aarav.joshi511@example.com,Data Analyst,Passed,8,23,13,22
Riya Agarwal512,riya.agarwal512@example.com,Backend Developer,Passed,8,12,14,6
Meera Jain513,meera.jain513@example.com,UI/UX Designer,Failed,10,19,11,21
Riya Gupta514,riya.gupta514@example.com,Software Engineer,Pending,21,11,15,11
Anika Kapoor515,anika.kapoor515@example.com,DevOps Engineer,Passed,5,15,7,18
Ishaan Mehta516,ishaan.mehta516@example.com,DevOps Engineer,Pending,19,15,7,10
Aditya Mehta517,aditya.mehta517@example.com,DevOps Engineer,Failed,23,23,16,16
Ishaan Joshi518,ishaan.joshi518@example.com,Software Engineer,Pending,8,8,25,19
Riya Shah519,riya.shah519@example.com,Software Engineer,Failed,12,10,12,19
Vivaan Joshi520,vivaan.joshi520@example.com,UI/UX Designer,Passed,25,7,25,5
Anika Gupta521,anika.gupta521@example.com,Product Manager,Passed,7,12,18,5
Krishna Kapoor522,krishna.kapoor522@example.com,Software Engineer,Pending,25,25,18,25
Aarav Agarwal523,aarav.agarwal523@example.com,Data Analyst,Passed,9,23,11,21
Aanya Singh524,aanya.singh524@example.com,UI/UX Designer,Failed,10,13,14,22
Diya Shah525,diya.shah525@example.com,Backend Developer,Pending,18,8,19,13
Ishaan Agarwal526,ishaan.agarwal526@example.com,Data Analyst,Failed,15,17,22,8
Aarav Shah527,aarav.shah527@example.com,UI/UX Designer,Pending,25,11,10,7
Meera Singh528,meera.singh528@example.com,Data Analyst,Failed,16,12,17,10
Aditya Singh529,aditya.singh529@example.com,Frontend Developer,Failed,22,16,22,22
Krishna Jain530,krishna.jain530@example.com,Backend Developer,Passed,13,6,8,10
Vivaan Shah531,vivaan.shah531@example.com,AI Engineer,Failed,15,7,14,15
Krishna Gupta532,krishna.gupta532@example.com,Data Scientist,Pending,12,13,25,13
Aanya Shah533,aanya.shah533@example.com,Frontend Developer,Failed,14,22,7,8
Diya Malhotra534,diya.malhotra534@example.com,Software Engineer,Pending,17,14,22,9
Meera Shah535,meera.shah535@example.com,UI/UX Designer,Pending,21,16,6,21
Aanya Kapoor536,aanya.kapoor536@example.com,AI Engineer,Passed,16,6,25,14
Vivaan Patel537,vivaan.patel537@example.com,Backend Developer,Passed,6,15,23,25
Krishna Kapoor538,krishna.kapoor538@example.com,Software Engineer,Passed,5,8,11,16
Ishaan Jain539,ishaan.jain539@example.com,Business Analyst,Pending,7,7,22,10
Riya Shah540,riya.shah540@example.com,DevOps Engineer,Failed,9,14,12,15
Aanya Jain541,aanya.jain541@example.com,Frontend Developer,Failed,25,5,12,22
Anika Kapoor542,anika.kapoor542@example.com,Data Scientist,Pending,10,15,12,16
Anika Mehta543,anika.mehta543@example.com,Product Manager,Failed,16,14,15,17
Riya Joshi544,riya.joshi544@example.com,Frontend Developer,Passed,22,21,7,21
Krishna Agarwal545,krishna.agarwal545@example.com,Business Analyst,Failed,17,6,22,22
Vivaan Gupta546,vivaan.gupta546@example.com,Backend Developer,Failed,16,10,9,8
Vivaan Kapoor547,vivaan.kapoor547@example.com,Data Scientist,Pending,22,20,25,19
Diya Patel548,diya.patel548@example.com,AI Engineer,Pending,7,16,15,21
Diya Gupta549,diya.gupta549@example.com,AI Engineer,Passed,5,5,23,13
Aanya Shah550,aanya.shah550@example.com,AI Engineer,Passed,9,18,6,20
Diya Malhotra551,diya.malhotra551@example.com,Data Scientist,Pending,24,15,22,20
Aarav Agarwal552,aarav.agarwal552@example.com,Data Analyst,Failed,18,15,9,25
Riya Malhotra553,riya.malhotra553@example.com,Product Manager,Pending,20,20,13,23
Diya Kapoor554,diya.kapoor554@example.com,AI Engineer,Failed,10,8,11,10
Vivaan Gupta555,vivaan.gupta555@example.com,Backend Developer,Pending,21,18,11,24
Aarav Malhotra556,aarav.malhotra556@example.com,Product Manager,Pending,19,24,9,25
Aarav Malhotra557,aarav.malhotra557@example.com,Product Manager,Pending,8,20,11,15
Vivaan Joshi558,vivaan.joshi558@example.com,Data Analyst,Passed,20,13,10,24
Riya Shah559,riya.shah559@example.com,Business Analyst,Pending,8,20,20,17
Aarav Agarwal560,aarav.agarwal560@example.com,Product Manager,Pending,22,18,19,15
Vivaan Shah561,vivaan.shah561@example.com,Product Manager,Failed,21,20,5,17
Vivaan Mehta562,vivaan.mehta562@example.com,Software Engineer,Failed,10,20,18,5
Riya Patel563,riya.patel563@example.com,DevOps Engineer,Pending,16,19,13,5
Diya Agarwal564,diya.agarwal564@example.com,Software Engineer,Passed,8,7,7,23
Ishaan Gupta565,ishaan.gupta565@example.com,Product Manager,Passed,14,8,10,14
Krishna Gupta566,krishna.gupta566@example.com,Frontend Developer,Passed,15,16,6,15
Vivaan Agarwal567,vivaan.agarwal567@example.com,Business Analyst,Pending,23,9,7,14
Anika Agarwal568,anika.agarwal568@example.com,Frontend Developer,Failed,5,8,7,22
Anika Jain569,anika.jain569@example.com,Frontend Developer,Passed,16,14,23,25
Aanya Shah570,aanya.shah570@example.com,Data Analyst,Passed,12,10,17,20
Krishna Joshi571,krishna.joshi571@example.com,DevOps Engineer,Pending,9,17,25,9
Ishaan Gupta572,ishaan.gupta572@example.com,DevOps Engineer,Passed,19,11,22,8
Aditya Patel573,aditya.patel573@example.com,Frontend Developer,Passed,19,8,19,15
Aanya Singh574,aanya.singh574@example.com,AI Engineer,Pending,13,14,17,12
Krishna Joshi575,krishna.joshi575@example.com,Product Manager,Failed,7,11,12,24
Anika Malhotra576,anika.malhotra576@example.com,UI/UX Designer,Failed,19,25,5,9
Riya Malhotra577,riya.malhotra577@example.com,Frontend Developer,Failed,21,14,14,8
Vivaan Joshi578,vivaan.joshi578@example.com,DevOps Engineer,Failed,17,5,9,25
Vivaan Patel579,vivaan.patel579@example.com,UI/UX Designer,Failed,22,14,9,11
Meera Joshi580,meera.joshi580@example.com,AI Engineer,Failed,8,24,5,16
Aditya Gupta581,aditya.gupta581@example.com,Software Engineer,Pending,14,8,19,12
Vivaan Malhotra582,vivaan.malhotra582@example.com,DevOps Engineer,Pending,23,21,16,7
Aanya Gupta583,aanya.gupta583@example.com,Backend Developer,Failed,25,9,16,24
Meera Joshi584,meera.joshi584@example.com,UI/UX Designer,Pending,15,6,13,23
Aditya Malhotra585,aditya.malhotra585@example.com,UI/UX Designer,Failed,16,21,17,13
Ishaan Malhotra586,ishaan.malhotra586@example.com,Business Analyst,Failed,8,24,18,9
Meera Jain587,meera.jain587@example.com,Data Scientist,Pending,6,25,11,12
Ishaan Shah588,ishaan.shah588@example.com,DevOps Engineer,Failed,23,17,24,25
Meera Gupta589,meera.gupta589@example.com,Data Scientist,Passed,24,24,22,6
Diya Malhotra590,diya.malhotra590@example.com,UI/UX Designer,Failed,9,25,16,15
Krishna Kapoor591,krishna.kapoor591@example.com,AI Engineer,Pending,25,8,11,22
Krishna Shah592,krishna.shah592@example.com,Frontend Developer,Failed,23,12,12,17
Meera Gupta593,meera.gupta593@example.com,AI Engineer,Passed,21,18,24,20
Meera Malhotra594,meera.malhotra594@example.com,DevOps Engineer,Passed,18,16,9,9
Meera Mehta595,meera.mehta595@example.com,Data Analyst,Failed,15,16,9,10
Vivaan Agarwal596,vivaan.agarwal596@example.com,Frontend Developer,Failed,12,9,20,22
Anika Patel597,anika.patel597@example.com,UI/UX Designer,Failed,15,21,9,12
Riya Kapoor598,riya.kapoor598@example.com,Data Scientist,Passed,23,13,22,16
Vivaan Shah599,vivaan.shah599@example.com,Data Scientist,Failed,13,12,18,12
Diya Singh600,diya.singh600@example.com,AI Engineer,Pending,15,19,18,7
Aarav Singh601,aarav.singh601@example.com,Product Manager,Failed,18,20,16,14
Aanya Mehta602,aanya.mehta602@example.com,AI Engineer,Passed,11,12,25,19
Diya Agarwal603,diya.agarwal603@example.com,DevOps Engineer,Passed,14,22,23,5
Aanya Mehta604,aanya.mehta604@example.com,DevOps Engineer,Passed,9,11,8,17
Aanya Mehta605,aanya.mehta605@example.com,AI Engineer,Pending,7,16,7,18
Aanya Shah606,aanya.shah606@example.com,UI/UX Designer,Passed,17,17,9,23
Meera Malhotra607,meera.malhotra607@example.com,Product Manager,Failed,15,16,16,6
Diya Gupta608,diya.gupta608@example.com,DevOps Engineer,Pending,11,23,21,18
Diya Joshi609,diya.joshi609@example.com,UI/UX Designer,Pending,14,7,9,10
Riya Agarwal610,riya.agarwal610@example.com,Data Analyst,Failed,16,13,15,20
Diya Joshi611,diya.joshi611@example.com,Data Analyst,Failed,20,6,23,25
Aarav Singh612,aarav.singh612@example.com,AI Engineer,Failed,22,12,18,25
Vivaan Agarwal613,vivaan.agarwal613@example.com,UI/UX Designer,Failed,22,21,16,19
Krishna Joshi614,krishna.joshi614@example.com,Backend Developer,Failed,5,7,21,19
Aarav Joshi615,aarav.joshi615@example.com,DevOps Engineer,Failed,14,8,16,19
Krishna Shah616,krishna.shah616@example.com,Business Analyst,Passed,16,17,15,13
Vivaan Shah617,vivaan.shah617@example.com,AI Engineer,Passed,6,19,15,25
Aarav Malhotra618,aarav.malhotra618@example.com,Frontend Developer,Pending,5,15,11,5
Aarav Kapoor619,aarav.kapoor619@example.com,UI/UX Designer,Passed,23,16,17,11
Vivaan Mehta620,vivaan.mehta620@example.com,Product Manager,Failed,16,21,12,25
Ishaan Malhotra621,ishaan.malhotra621@example.com,Data Scientist,Passed,18,22,23,11
Aditya Mehta622,aditya.mehta622@example.com,AI Engineer,Passed,5,23,25,19
Aarav Gupta623,aarav.gupta623@example.com,Data Analyst,Pending,19,8,5,25
Anika Agarwal624,anika.agarwal624@example.com,Product Manager,Pending,14,14,19,11
Vivaan Singh625,vivaan.singh625@example.com,DevOps Engineer,Passed,8,12,5,7
Krishna Agarwal626,krishna.agarwal626@example.com,Software Engineer,Pending,5,22,14,10
Aarav Singh627,aarav.singh627@example.com,Software Engineer,Failed,13,25,20,5
Vivaan Patel628,vivaan.patel628@example.com,Data Scientist,Pending,24,25,17,11
Krishna Patel629,krishna.patel629@example.com,Frontend Developer,Passed,9,10,8,6
Anika Gupta630,anika.gupta630@example.com,UI/UX Designer,Passed,22,9,14,21
Anika Patel631,anika.patel631@example.com,UI/UX Designer,Pending,25,15,14,25
Aarav Patel632,aarav.patel632@example.com,Backend Developer,Failed,17,14,17,25
Aanya Gupta633,aanya.gupta633@example.com,Backend Developer,Passed,6,20,19,7
Anika Shah634,anika.shah634@example.com,Business Analyst,Pending,19,23,25,19
Aditya Patel635,aditya.patel635@example.com,Product Manager,Passed,16,22,22,7
Anika Malhotra636,anika.malhotra636@example.com,Data Scientist,Failed,11,15,16,9
Meera Kapoor637,meera.kapoor637@example.com,Data Scientist,Pending,15,15,23,12
Meera Agarwal638,meera.agarwal638@example.com,Product Manager,Passed,14,20,21,23
Vivaan Agarwal639,vivaan.agarwal639@example.com,Data Scientist,Pending,7,18,16,6
Anika Mehta640,anika.mehta640@example.com,Data Analyst,Pending,25,18,17,18
Aanya Shah641,aanya.shah641@example.com,AI Engineer,Pending,11,16,25,13
Krishna Gupta642,krishna.gupta642@example.com,Product Manager,Passed,17,17,18,22
Krishna Shah643,krishna.shah643@example.com,Frontend Developer,Pending,14,16,12,13
Anika Mehta644,anika.mehta644@example.com,AI Engineer,Passed,13,17,14,9
Aanya Singh645,aanya.singh645@example.com,AI Engineer,Failed,11,13,21,15
Riya Shah646,riya.shah646@example.com,AI Engineer,Passed,6,8,21,9
Meera Kapoor647,meera.kapoor647@example.com,Data Scientist,Pending,5,13,14,5
Meera Kapoor648,meera.kapoor648@example.com,Backend Developer,Failed,8,23,24,12
Meera Patel649,meera.patel649@example.com,Business Analyst,Failed,19,12,21,13
Riya Malhotra650,riya.malhotra650@example.com,AI Engineer,Failed,16,20,23,15
Aanya Patel651,aanya.patel651@example.com,Backend Developer,Failed,23,13,14,14
Riya Agarwal652,riya.agarwal652@example.com,Business Analyst,Failed,11,9,18,12
Diya Gupta653,diya.gupta653@example.com,Product Manager,Pending,20,15,21,14
Aarav Joshi654,aarav.joshi654@example.com,Business Analyst,Failed,16,15,5,12
Anika Jain655,anika.jain655@example.com,AI Engineer,Failed,14,14,16,9
Vivaan Jain656,vivaan.jain656@example.com,Product Manager,Pending,7,14,17,11
Riya Mehta657,riya.mehta657@example.com,AI Engineer,Failed,18,10,9,20
Vivaan Jain658,vivaan.jain658@example.com,UI/UX Designer,Pending,22,16,18,8
Krishna Shah659,krishna.shah659@example.com,UI/UX Designer,Failed,21,7,23,23
Aanya Agarwal660,aanya.agarwal660@example.com,Data Analyst,Passed,16,15,20,6
Aditya Gupta661,aditya.gupta661@example.com,DevOps Engineer,Failed,22,10,11,19
Diya Joshi662,diya.joshi662@example.com,UI/UX Designer,Passed,22,7,25,13
Ishaan Malhotra663,ishaan.malhotra663@example.com,Data Analyst,Passed,14,21,11,24
Anika Joshi664,anika.joshi664@example.com,Software Engineer,Pending,22,16,15,13
Aditya Agarwal665,aditya.agarwal665@example.com,DevOps Engineer,Pending,14,12,11,8
Krishna Mehta666,krishna.mehta666@example.com,DevOps Engineer,Failed,10,5,13,10
Aanya Jain667,aanya.jain667@example.com,Product Manager,Passed,6,19,8,19
Diya Mehta668,diya.mehta668@example.com,Frontend Developer,Pending,7,9,20,8
Riya Mehta669,riya.mehta669@example.com,AI Engineer,Pending,21,7,13,19
Anika Mehta670,anika.mehta670@example.com,Data Scientist,Pending,20,23,23,24
Aarav Malhotra671,aarav.malhotra671@example.com,Product Manager,Pending,24,13,14,11
Anika Agarwal672,anika.agarwal672@example.com,AI Engineer,Pending,21,24,12,25
Ishaan Gupta673,ishaan.gupta673@example.com,DevOps Engineer,Passed,14,14,19,7
Vivaan Kapoor674,vivaan.kapoor674@example.com,DevOps Engineer,Passed,15,18,19,18
Riya Kapoor675,riya.kapoor675@example.com,Software Engineer,Failed,12,11,16,17
Ishaan Gupta676,ishaan.gupta676@example.com,Data Scientist,Passed,16,20,8,5
Riya Malhotra677,riya.malhotra677@example.com,Product Manager,Pending,15,12,10,11
Aditya Singh678,aditya.singh678@example.com,AI Engineer,Pending,6,12,21,20
Meera Gupta679,meera.gupta679@example.com,Business Analyst,Pending,9,23,8,5
Aditya Mehta680,aditya.mehta680@example.com,Business Analyst,Pending,5,9,16,20
Riya Singh681,riya.singh681@example.com,AI Engineer,Passed,6,19,22,12
Riya Kapoor682,riya.kapoor682@example.com,Data Analyst,Failed,13,21,9,12
Anika Agarwal683,anika.agarwal683@example.com,DevOps Engineer,Passed,24,5,16,18
Krishna Joshi684,krishna.joshi684@example.com,Software Engineer,Passed,20,5,15,15
Aarav Shah685,aarav.shah685@example.com,DevOps Engineer,Failed,6,19,19,19
Aditya Patel686,aditya.patel686@example.com,UI/UX Designer,Passed,12,12,22,24
Ishaan Patel687,ishaan.patel687@example.com,AI Engineer,Failed,6,13,5,11
Aarav Patel688,aarav.patel688@example.com,Data Analyst,Passed,17,14,9,10
Meera Shah689,meera.shah689@example.com,Software Engineer,Failed,20,12,7,11
Vivaan Malhotra690,vivaan.malhotra690@example.com,Data Scientist,Passed,24,5,17,14
Krishna Malhotra691,krishna.malhotra691@example.com,Business Analyst,Failed,10,11,22,15
Aarav Agarwal692,aarav.agarwal692@example.com,Backend Developer,Pending,17,13,25,14
Aarav Kapoor693,aarav.kapoor693@example.com,AI Engineer,Failed,24,9,9,17
Krishna Mehta694,krishna.mehta694@example.com,DevOps Engineer,Failed,8,9,8,18
Aarav Jain695,aarav.jain695@example.com,DevOps Engineer,Failed,18,13,17,9
Riya Agarwal696,riya.agarwal696@example.com,Data Scientist,Failed,15,11,12,5
Krishna Shah697,krishna.shah697@example.com,AI Engineer,Failed,5,12,19,17
Meera Mehta698,meera.mehta698@example.com,AI Engineer,Failed,8,19,5,18
Diya Agarwal699,diya.agarwal699@example.com,UI/UX Designer,Failed,6,14,9,25
Aarav Kapoor700,aarav.kapoor700@example.com,Data Analyst,Failed,8,15,5,10
Ishaan Shah701,ishaan.shah701@example.com,Data Analyst,Passed,10,19,22,15
Aarav Singh702,aarav.singh702@example.com,Data Scientist,Pending,11,11,11,22
Anika Mehta703,anika.mehta703@example.com,Data Scientist,Passed,16,23,24,21
Aditya Agarwal704,aditya.agarwal704@example.com,Backend Developer,Passed,23,7,16,9
Aditya Shah705,aditya.shah705@example.com,AI Engineer,Failed,9,8,6,16
Vivaan Mehta706,vivaan.mehta706@example.com,Data Analyst,Pending,22,23,15,18
Anika Jain707,anika.jain707@example.com,DevOps Engineer,Passed,23,14,6,13
Meera Mehta708,meera.mehta708@example.com,Data Scientist,Failed,12,10,22,23
Vivaan Shah709,vivaan.shah709@example.com,Business Analyst,Passed,25,9,17,19
Diya Jain710,diya.jain710@example.com,Product Manager,Pending,16,24,25,17
Meera Kapoor711,meera.kapoor711@example.com,Product Manager,Passed,9,13,11,12
Ishaan Malhotra712,ishaan.malhotra712@example.com,DevOps Engineer,Passed,17,19,11,5
Krishna Mehta713,krishna.mehta713@example.com,Product Manager,Failed,17,17,6,18
Krishna Joshi714,krishna.joshi714@example.com,AI Engineer,Failed,12,8,8,9
Meera Gupta715,meera.gupta715@example.com,Data Scientist,Failed,21,12,19,22
Vivaan Malhotra716,vivaan.malhotra716@example.com,UI/UX Designer,Pending,19,15,21,18
Ishaan Shah717,ishaan.shah717@example.com,Software Engineer,Failed,23,15,16,17
Diya Joshi718,diya.joshi718@example.com,Product Manager,Failed,18,25,9,5
Aanya Mehta719,aanya.mehta719@example.com,Software Engineer,Passed,24,11,9,12
Meera Gupta720,meera.gupta720@example.com,Data Analyst,Failed,25,7,12,12
Aarav Singh721,aarav.singh721@example.com,AI Engineer,Pending,12,13,20,25
Aditya Mehta722,aditya.mehta722@example.com,DevOps Engineer,Pending,8,13,24,22
Aanya Jain723,aanya.jain723@example.com,UI/UX Designer,Passed,16,5,23,22
Aarav Gupta724,aarav.gupta724@example.com,Product Manager,Passed,21,19,11,15
Anika Malhotra725,anika.malhotra725@example.com,Data Scientist,Failed,19,5,10,24
Aarav Malhotra726,aarav.malhotra726@example.com,Business Analyst,Pending,21,5,13,5
Anika Joshi727,anika.joshi727@example.com,Backend Developer,Failed,14,8,19,5
Ishaan Singh728,ishaan.singh728@example.com,DevOps Engineer,Passed,10,19,24,13
Ishaan Agarwal729,ishaan.agarwal729@example.com,Data Scientist,Passed,6,22,12,11
Riya Kapoor730,riya.kapoor730@example.com,Backend Developer,Pending,14,25,14,5
Vivaan Jain731,vivaan.jain731@example.com,Business Analyst,Failed,6,22,12,18
Meera Kapoor732,meera.kapoor732@example.com,Business Analyst,Pending,20,25,23,12
Ishaan Agarwal733,ishaan.agarwal733@example.com,Data Scientist,Passed,21,20,5,14
Meera Malhotra734,meera.malhotra734@example.com,Business Analyst,Pending,18,25,9,5
Krishna Kapoor735,krishna.kapoor735@example.com,AI Engineer,Failed,18,6,9,15
Meera Mehta736,meera.mehta736@example.com,Business Analyst,Failed,6,13,19,19
Meera Singh737,meera.singh737@example.com,Product Manager,Pending,18,6,12,5
Anika Patel738,anika.patel738@example.com,Software Engineer,Passed,21,16,6,9
Aditya Mehta739,aditya.mehta739@example.com,AI Engineer,Passed,21,23,14,10
Aditya Joshi740,aditya.joshi740@example.com,Software Engineer,Failed,24,14,24,12
Anika Joshi741,anika.joshi741@example.com,AI Engineer,Failed,5,16,11,11
Aarav Jain742,aarav.jain742@example.com,Data Scientist,Passed,17,24,19,6
Vivaan Shah743,vivaan.shah743@example.com,Software Engineer,Passed,12,25,14,11
Riya Patel744,riya.patel744@example.com,AI Engineer,Failed,22,8,6,13
Diya Mehta745,diya.mehta745@example.com,Business Analyst,Pending,5,17,8,8
Vivaan Malhotra746,vivaan.malhotra746@example.com,Frontend Developer,Passed,7,15,15,25
Ishaan Agarwal747,ishaan.agarwal747@example.com,Software Engineer,Failed,17,11,22,11
Aditya Patel748,aditya.patel748@example.com,Backend Developer,Passed,12,21,25,9
Aanya Mehta749,aanya.mehta749@example.com,Product Manager,Passed,20,15,8,7
Riya Joshi750,riya.joshi750@example.com,AI Engineer,Passed,19,12,14,23
Aditya Agarwal751,aditya.agarwal751@example.com,Product Manager,Pending,22,21,21,21
Diya Singh752,diya.singh752@example.com,Data Scientist,Pending,5,22,24,17
Vivaan Shah753,vivaan.shah753@example.com,Data Analyst,Failed,22,14,17,10
Riya Shah754,riya.shah754@example.com,Frontend Developer,Failed,21,15,7,17
Anika Agarwal755,anika.agarwal755@example.com,Frontend Developer,Passed,15,14,13,23
Diya Singh756,diya.singh756@example.com,AI Engineer,Passed,14,13,23,10
Aditya Mehta757,aditya.mehta757@example.com,Software Engineer,Passed,24,13,22,14
Aanya Patel758,aanya.patel758@example.com,UI/UX Designer,Passed,22,24,14,14
Meera Malhotra759,meera.malhotra759@example.com,Software Engineer,Passed,7,9,7,10
Aarav Joshi760,aarav.joshi760@example.com,Frontend Developer,Passed,8,23,13,15
Meera Joshi761,meera.joshi761@example.com,Frontend Developer,Pending,18,13,21,7
Aditya Malhotra762,aditya.malhotra762@example.com,Data Analyst,Pending,23,9,22,20
Krishna Kapoor763,krishna.kapoor763@example.com,Data Analyst,Pending,15,11,10,12
Meera Mehta764,meera.mehta764@example.com,Frontend Developer,Passed,19,22,25,16
Aanya Malhotra765,aanya.malhotra765@example.com,Business Analyst,Failed,23,11,7,9
Aditya Agarwal766,aditya.agarwal766@example.com,UI/UX Designer,Failed,16,21,17,15
Meera Agarwal767,meera.agarwal767@example.com,Software Engineer,Failed,25,19,8,19
Meera Agarwal768,meera.agarwal768@example.com,AI Engineer,Passed,14,13,8,10
Vivaan Gupta769,vivaan.gupta769@example.com,UI/UX Designer,Pending,13,22,12,16
Ishaan Agarwal770,ishaan.agarwal770@example.com,Backend Developer,Failed,12,5,12,16
Aanya Agarwal771,aanya.agarwal771@example.com,Backend Developer,Passed,8,13,25,8
Aanya Patel772,aanya.patel772@example.com,Product Manager,Passed,10,12,14,21
Ishaan Shah773,ishaan.shah773@example.com,Business Analyst,Failed,25,19,11,13
Diya Gupta774,diya.gupta774@example.com,Backend Developer,Pending,14,9,25,6
Aditya Joshi775,aditya.joshi775@example.com,Data Scientist,Pending,19,24,20,13
Riya Jain776,riya.jain776@example.com,DevOps Engineer,Failed,17,14,17,11
Ishaan Singh777,ishaan.singh777@example.com,Product Manager,Pending,11,13,18,24
Krishna Shah778,krishna.shah778@example.com,Software Engineer,Passed,18,19,14,20
Aanya Joshi779,aanya.joshi779@example.com,DevOps Engineer,Passed,12,17,25,11
Aarav Shah780,aarav.shah780@example.com,Business Analyst,Passed,24,17,24,10
Diya Singh781,diya.singh781@example.com,Software Engineer,Passed,20,16,19,20
Anika Patel782,anika.patel782@example.com,AI Engineer,Passed,23,13,14,25
Ishaan Gupta783,ishaan.gupta783@example.com,Data Analyst,Pending,10,21,14,18
Aditya Joshi784,aditya.joshi784@example.com,Data Analyst,Failed,9,8,11,19
Aditya Mehta785,aditya.mehta785@example.com,Frontend Developer,Pending,18,13,8,19
Aditya Gupta786,aditya.gupta786@example.com,Software Engineer,Failed,19,16,11,16
Ishaan Mehta787,ishaan.mehta787@example.com,UI/UX Designer,Passed,15,21,9,20
Riya Agarwal788,riya.agarwal788@example.com,Backend Developer,Pending,19,16,17,18
Aarav Jain789,aarav.jain789@example.com,Data Analyst,Failed,6,12,8,16
Krishna Joshi790,krishna.joshi790@example.com,Data Analyst,Failed,18,20,6,9
Riya Agarwal791,riya.agarwal791@example.com,Data Analyst,Passed,5,20,23,12
Meera Agarwal792,meera.agarwal792@example.com,Frontend Developer,Failed,11,23,15,20
Aditya Jain793,aditya.jain793@example.com,Data Scientist,Pending,23,16,20,19
Meera Jain794,meera.jain794@example.com,Backend Developer,Passed,15,24,12,5
Riya Singh795,riya.singh795@example.com,Software Engineer,Pending,13,20,11,24
Aarav Patel796,aarav.patel796@example.com,UI/UX Designer,Passed,17,22,9,8
Anika Malhotra797,anika.malhotra797@example.com,Business Analyst,Failed,6,6,24,13
Ishaan Patel798,ishaan.patel798@example.com,Frontend Developer,Passed,6,9,6,16
Krishna Agarwal799,krishna.agarwal799@example.com,Backend Developer,Passed,21,7,25,14
Ishaan Malhotra800,ishaan.malhotra800@example.com,UI/UX Designer,Failed,11,14,16,10
Aanya Kapoor801,aanya.kapoor801@example.com,UI/UX Designer,Pending,9,22,8,25
Aanya Singh802,aanya.singh802@example.com,Data Analyst,Pending,23,9,21,23
Aarav Kapoor803,aarav.kapoor803@example.com,Data Scientist,Pending,5,15,9,24
Meera Singh804,meera.singh804@example.com,Backend Developer,Pending,21,23,23,19
Ishaan Malhotra805,ishaan.malhotra805@example.com,Business Analyst,Pending,9,23,15,24
Aanya Agarwal806,aanya.agarwal806@example.com,DevOps Engineer,Passed,19,15,20,12
Ishaan Mehta807,ishaan.mehta807@example.com,DevOps Engineer,Pending,17,10,19,10
Meera Singh808,meera.singh808@example.com,Data Scientist,Pending,15,9,16,23
Krishna Malhotra809,krishna.malhotra809@example.com,Frontend Developer,Failed,25,13,16,24
Riya Joshi810,riya.joshi810@example.com,DevOps Engineer,Pending,7,22,24,18
Anika Malhotra811,anika.malhotra811@example.com,AI Engineer,Failed,7,20,15,10
Vivaan Patel812,vivaan.patel812@example.com,Software Engineer,Pending,19,5,14,24
Diya Agarwal813,diya.agarwal813@example.com,Software Engineer,Failed,17,18,8,23
Diya Singh814,diya.singh814@example.com,Backend Developer,Failed,15,20,22,22
Riya Singh815,riya.singh815@example.com,UI/UX Designer,Passed,19,9,21,25
Anika Mehta816,anika.mehta816@example.com,Data Analyst,Passed,21,20,25,12
Ishaan Patel817,ishaan.patel817@example.com,Backend Developer,Pending,21,12,24,9
Aditya Mehta818,aditya.mehta818@example.com,AI Engineer,Failed,8,22,9,5
Krishna Agarwal819,krishna.agarwal819@example.com,Data Scientist,Failed,24,25,13,21
Anika Gupta820,anika.gupta820@example.com,Frontend Developer,Passed,15,9,16,21
Vivaan Mehta821,vivaan.mehta821@example.com,Software Engineer,Pending,14,6,20,7
Ishaan Agarwal822,ishaan.agarwal822@example.com,AI Engineer,Passed,16,12,14,16
Krishna Singh823,krishna.singh823@example.com,DevOps Engineer,Pending,20,16,7,22
Diya Patel824,diya.patel824@example.com,Business Analyst,Pending,20,9,24,6
Ishaan Joshi825,ishaan.joshi825@example.com,UI/UX Designer,Failed,24,9,7,20
Meera Shah826,meera.shah826@example.com,DevOps Engineer,Passed,15,15,17,22
Vivaan Gupta827,vivaan.gupta827@example.com,Software Engineer,Pending,19,17,14,15
Meera Singh828,meera.singh828@example.com,Business Analyst,Pending,14,9,25,18
Ishaan Joshi829,ishaan.joshi829@example.com,Product Manager,Pending,13,22,21,7
Vivaan Singh830,vivaan.singh830@example.com,DevOps Engineer,Passed,21,19,11,9
Aditya Jain831,aditya.jain831@example.com,Frontend Developer,Passed,9,7,8,19
Aditya Joshi832,aditya.joshi832@example.com,Frontend Developer,Pending,20,11,23,24
Vivaan Agarwal833,vivaan.agarwal833@example.com,Business Analyst,Passed,20,6,11,22
Vivaan Joshi834,vivaan.joshi834@example.com,Business Analyst,Passed,18,24,8,13
Meera Joshi835,meera.joshi835@example.com,Backend Developer,Failed,17,21,5,25
Krishna Jain836,krishna.jain836@example.com,DevOps Engineer,Passed,15,24,9,19
Aditya Mehta837,aditya.mehta837@example.com,Data Analyst,Failed,6,19,14,18
Meera Mehta838,meera.mehta838@example.com,Software Engineer,Failed,13,11,17,14
Aditya Kapoor839,aditya.kapoor839@example.com,Software Engineer,Passed,7,14,19,8
Aditya Patel840,aditya.patel840@example.com,Data Scientist,Pending,10,7,20,12
Anika Shah841,anika.shah841@example.com,Business Analyst,Pending,16,15,22,11
Diya Mehta842,diya.mehta842@example.com,Data Analyst,Pending,19,7,17,7
Vivaan Joshi843,vivaan.joshi843@example.com,AI Engineer,Pending,24,17,6,12
Anika Agarwal844,anika.agarwal844@example.com,Frontend Developer,Failed,23,11,10,6
Aanya Shah845,aanya.shah845@example.com,Data Scientist,Failed,21,16,21,7
Vivaan Kapoor846,vivaan.kapoor846@example.com,Backend Developer,Failed,10,22,12,23
Riya Shah847,riya.shah847@example.com,DevOps Engineer,Passed,10,18,5,9
Riya Malhotra848,riya.malhotra848@example.com,UI/UX Designer,Failed,24,16,18,18
Krishna Mehta849,krishna.mehta849@example.com,UI/UX Designer,Passed,13,8,19,6
Aarav Shah850,aarav.shah850@example.com,AI Engineer,Pending,21,11,14,18
Aarav Joshi851,aarav.joshi851@example.com,DevOps Engineer,Failed,15,20,7,9
Aarav Kapoor852,aarav.kapoor852@example.com,UI/UX Designer,Pending,7,19,6,8
Meera Joshi853,meera.joshi853@example.com,AI Engineer,Passed,8,22,11,9
Diya Shah854,diya.shah854@example.com,UI/UX Designer,Failed,12,16,7,25
Aarav Malhotra855,aarav.malhotra855@example.com,Business Analyst,Failed,6,23,6,8
Vivaan Singh856,vivaan.singh856@example.com,Business Analyst,Passed,15,20,6,6
Aditya Kapoor857,aditya.kapoor857@example.com,AI Engineer,Passed,22,13,18,20
Ishaan Malhotra858,ishaan.malhotra858@example.com,Software Engineer,Failed,12,22,11,16
Vivaan Gupta859,vivaan.gupta859@example.com,AI Engineer,Passed,25,20,22,6
Aarav Joshi860,aarav.joshi860@example.com,Data Analyst,Pending,25,19,6,6
Vivaan Agarwal861,vivaan.agarwal861@example.com,Software Engineer,Passed,15,14,6,9
Aditya Joshi862,aditya.joshi862@example.com,Software Engineer,Passed,22,16,20,22
Meera Joshi863,meera.joshi863@example.com,DevOps Engineer,Failed,10,19,24,5
Aditya Jain864,aditya.jain864@example.com,Backend Developer,Pending,15,5,15,20
Ishaan Mehta865,ishaan.mehta865@example.com,Data Scientist,Failed,18,10,12,11
Krishna Kapoor866,krishna.kapoor866@example.com,Data Analyst,Pending,25,20,6,23
Diya Kapoor867,diya.kapoor867@example.com,Backend Developer,Passed,19,21,24,25
Ishaan Malhotra868,ishaan.malhotra868@example.com,Software Engineer,Passed,10,19,13,16
Anika Shah869,anika.shah869@example.com,Data Scientist,Pending,20,19,9,8
Aanya Mehta870,aanya.mehta870@example.com,UI/UX Designer,Pending,20,25,9,17
Ishaan Mehta871,ishaan.mehta871@example.com,Data Scientist,Passed,12,17,24,8
Diya Jain872,diya.jain872@example.com,Data Scientist,Pending,23,7,22,20
Diya Kapoor873,diya.kapoor873@example.com,Business Analyst,Failed,20,11,7,15
Anika Mehta874,anika.mehta874@example.com,Data Scientist,Pending,16,17,23,14
Ishaan Joshi875,ishaan.joshi875@example.com,Frontend Developer,Failed,19,7,15,9
Meera Mehta876,meera.mehta876@example.com,Frontend Developer,Pending,11,23,21,12
Riya Kapoor877,riya.kapoor877@example.com,DevOps Engineer,Pending,20,7,24,23
Ishaan Kapoor878,ishaan.kapoor878@example.com,AI Engineer,Passed,15,19,22,13
Diya Joshi879,diya.joshi879@example.com,Product Manager,Pending,16,5,9,10
Aanya Shah880,aanya.shah880@example.com,UI/UX Designer,Passed,15,5,7,15
Aarav Shah881,aarav.shah881@example.com,Software Engineer,Failed,17,23,16,24
Ishaan Singh882,ishaan.singh882@example.com,Backend Developer,Passed,8,22,9,19
Meera Shah883,meera.shah883@example.com,Data Scientist,Pending,11,16,23,16
Aanya Joshi884,aanya.joshi884@example.com,AI Engineer,Failed,22,22,7,7
Aditya Shah885,aditya.shah885@example.com,Product Manager,Passed,21,23,24,15
Aditya Patel886,aditya.patel886@example.com,Backend Developer,Passed,25,22,25,21
Diya Malhotra887,diya.malhotra887@example.com,AI Engineer,Failed,16,9,15,9
Aarav Jain888,aarav.jain888@example.com,UI/UX Designer,Passed,23,8,8,25
Ishaan Joshi889,ishaan.joshi889@example.com,Software Engineer,Pending,14,12,12,7
Aanya Jain890,aanya.jain890@example.com,UI/UX Designer,Failed,12,6,9,14
Anika Patel891,anika.patel891@example.com,Data Analyst,Failed,25,11,20,18
Anika Singh892,anika.singh892@example.com,Backend Developer,Passed,5,16,8,13
Riya Singh893,riya.singh893@example.com,AI Engineer,Passed,10,16,19,15
Aanya Joshi894,aanya.joshi894@example.com,AI Engineer,Pending,9,7,7,17
Diya Mehta895,diya.mehta895@example.com,DevOps Engineer,Failed,7,24,8,7
Riya Shah896,riya.shah896@example.com,Business Analyst,Pending,18,15,10,24
Meera Kapoor897,meera.kapoor897@example.com,Frontend Developer,Passed,17,5,15,22
Aanya Singh898,aanya.singh898@example.com,Frontend Developer,Pending,21,24,18,18
Riya Agarwal899,riya.agarwal899@example.com,Data Analyst,Failed,5,23,14,20
Vivaan Mehta900,vivaan.mehta900@example.com,Backend Developer,Failed,8,25,9,12
Meera Malhotra901,meera.malhotra901@example.com,AI Engineer,Passed,16,22,10,23
Aarav Mehta902,aarav.mehta902@example.com,AI Engineer,Failed,23,12,12,15
Aarav Malhotra903,aarav.malhotra903@example.com,Product Manager,Passed,8,21,25,20
Aanya Mehta904,aanya.mehta904@example.com,Business Analyst,Pending,24,22,15,24
Aditya Mehta905,aditya.mehta905@example.com,Data Scientist,Failed,6,24,15,10
Vivaan Mehta906,vivaan.mehta906@example.com,Data Scientist,Pending,6,20,12,6
Meera Malhotra907,meera.malhotra907@example.com,UI/UX Designer,Pending,23,18,6,11
Diya Mehta908,diya.mehta908@example.com,UI/UX Designer,Passed,25,17,11,17
Aarav Gupta909,aarav.gupta909@example.com,DevOps Engineer,Pending,7,22,21,21
Meera Patel910,meera.patel910@example.com,Software Engineer,Passed,10,13,11,10
Anika Malhotra911,anika.malhotra911@example.com,UI/UX Designer,Passed,18,9,22,6
Aarav Singh912,aarav.singh912@example.com,UI/UX Designer,Pending,10,6,16,20
Diya Agarwal913,diya.agarwal913@example.com,AI Engineer,Pending,19,8,25,24
Krishna Singh914,krishna.singh914@example.com,Software Engineer,Pending,22,25,16,16
Aanya Mehta915,aanya.mehta915@example.com,Frontend Developer,Pending,18,18,6,22
Aditya Gupta916,aditya.gupta916@example.com,UI/UX Designer,Failed,6,15,24,23
Riya Patel917,riya.patel917@example.com,Software Engineer,Failed,13,16,8,19
Aarav Agarwal918,aarav.agarwal918@example.com,Product Manager,Passed,8,10,14,25
Aarav Kapoor919,aarav.kapoor919@example.com,Product Manager,Passed,15,8,19,16
Riya Malhotra920,riya.malhotra920@example.com,Business Analyst,Failed,13,25,13,22
Riya Joshi921,riya.joshi921@example.com,Data Scientist,Failed,13,20,15,20
Ishaan Mehta922,ishaan.mehta922@example.com,AI Engineer,Passed,17,16,22,23
Krishna Patel923,krishna.patel923@example.com,Product Manager,Failed,16,8,8,10
Krishna Shah924,krishna.shah924@example.com,AI Engineer,Pending,19,16,22,18
Vivaan Jain925,vivaan.jain925@example.com,DevOps Engineer,Failed,8,22,24,16
Aditya Singh926,aditya.singh926@example.com,Product Manager,Passed,18,22,22,24
Ishaan Joshi927,ishaan.joshi927@example.com,Software Engineer,Passed,23,5,6,16
Meera Kapoor928,meera.kapoor928@example.com,Product Manager,Failed,17,9,13,14
Anika Malhotra929,anika.malhotra929@example.com,Data Scientist,Pending,17,22,12,5
Anika Mehta930,anika.mehta930@example.com,Data Analyst,Failed,13,14,16,24
Vivaan Malhotra931,vivaan.malhotra931@example.com,DevOps Engineer,Passed,16,5,25,7
Anika Mehta932,anika.mehta932@example.com,UI/UX Designer,Pending,21,15,15,16
Ishaan Gupta933,ishaan.gupta933@example.com,Backend Developer,Pending,24,10,25,8
Diya Agarwal934,diya.agarwal934@example.com,Software Engineer,Failed,18,7,8,25
Anika Patel935,anika.patel935@example.com,Product Manager,Passed,8,9,25,18
Aditya Kapoor936,aditya.kapoor936@example.com,UI/UX Designer,Pending,20,10,22,8
Vivaan Gupta937,vivaan.gupta937@example.com,Backend Developer,Pending,9,10,7,12
Vivaan Patel938,vivaan.patel938@example.com,Software Engineer,Passed,21,7,20,12
Krishna Kapoor939,krishna.kapoor939@example.com,Data Analyst,Passed,20,21,22,12
Anika Singh940,anika.singh940@example.com,AI Engineer,Failed,15,23,10,5
Meera Joshi941,meera.joshi941@example.com,UI/UX Designer,Failed,10,14,7,5
Aarav Agarwal942,aarav.agarwal942@example.com,Backend Developer,Failed,16,17,17,6
Krishna Agarwal943,krishna.agarwal943@example.com,Backend Developer,Pending,5,9,10,8
Diya Malhotra944,diya.malhotra944@example.com,Backend Developer,Pending,15,7,24,12
Aanya Singh945,aanya.singh945@example.com,AI Engineer,Failed,7,7,6,18
Aarav Agarwal946,aarav.agarwal946@example.com,UI/UX Designer,Pending,5,12,5,7
Ishaan Agarwal947,ishaan.agarwal947@example.com,DevOps Engineer,Failed,17,12,7,18
Aditya Joshi948,aditya.joshi948@example.com,Frontend Developer,Passed,6,23,23,13
Anika Shah949,anika.shah949@example.com,Backend Developer,Pending,10,23,20,10
Ishaan Mehta950,ishaan.mehta950@example.com,Data Analyst,Passed,17,11,9,6
Aarav Jain951,aarav.jain951@example.com,Data Scientist,Failed,19,21,5,24
Ishaan Malhotra952,ishaan.malhotra952@example.com,Frontend Developer,Passed,18,22,14,22
Ishaan Kapoor953,ishaan.kapoor953@example.com,Backend Developer,Failed,10,16,17,15
Aditya Joshi954,aditya.joshi954@example.com,Data Scientist,Failed,10,18,19,24
Vivaan Jain955,vivaan.jain955@example.com,Software Engineer,Pending,18,12,18,19
Anika Jain956,anika.jain956@example.com,Frontend Developer,Pending,5,7,8,25
Vivaan Joshi957,vivaan.joshi957@example.com,Data Analyst,Failed,7,21,17,25
Vivaan Mehta958,vivaan.mehta958@example.com,DevOps Engineer,Pending,23,22,5,21
Meera Gupta959,meera.gupta959@example.com,Data Scientist,Pending,13,18,18,20
Ishaan Singh960,ishaan.singh960@example.com,Frontend Developer,Pending,22,7,16,20
Krishna Singh961,krishna.singh961@example.com,Software Engineer,Failed,5,20,16,22
Aditya Jain962,aditya.jain962@example.com,Frontend Developer,Failed,7,15,12,17
Vivaan Joshi963,vivaan.joshi963@example.com,AI Engineer,Failed,24,18,14,24
Meera Patel964,meera.patel964@example.com,Frontend Developer,Pending,23,10,7,5
Diya Malhotra965,diya.malhotra965@example.com,DevOps Engineer,Pending,18,20,12,11
Aarav Singh966,aarav.singh966@example.com,Frontend Developer,Pending,12,13,5,19
Meera Malhotra967,meera.malhotra967@example.com,Business Analyst,Passed,6,22,12,15
Aanya Kapoor968,aanya.kapoor968@example.com,Data Scientist,Passed,24,12,18,10
Aanya Agarwal969,aanya.agarwal969@example.com,UI/UX Designer,Failed,20,6,25,14
Krishna Kapoor970,krishna.kapoor970@example.com,UI/UX Designer,Passed,15,8,20,8
Riya Agarwal971,riya.agarwal971@example.com,DevOps Engineer,Pending,15,11,23,9
Aanya Mehta972,aanya.mehta972@example.com,Product Manager,Failed,11,9,8,25
Meera Kapoor973,meera.kapoor973@example.com,Software Engineer,Failed,9,25,6,25
Krishna Mehta974,krishna.mehta974@example.com,Product Manager,Failed,9,18,14,21
Aarav Shah975,aarav.shah975@example.com,DevOps Engineer,Pending,22,22,12,15
Vivaan Malhotra976,vivaan.malhotra976@example.com,Software Engineer,Passed,17,14,6,7
Aarav Joshi977,aarav.joshi977@example.com,Software Engineer,Passed,10,17,9,17
Ishaan Jain978,ishaan.jain978@example.com,Frontend Developer,Pending,8,15,8,9
Riya Agarwal979,riya.agarwal979@example.com,Product Manager,Passed,10,21,13,8
Aanya Mehta980,aanya.mehta980@example.com,Software Engineer,Passed,8,15,22,25
Anika Shah981,anika.shah981@example.com,AI Engineer,Passed,18,20,17,12
Vivaan Joshi982,vivaan.joshi982@example.com,Data Scientist,Passed,10,5,14,10
Ishaan Kapoor983,ishaan.kapoor983@example.com,Data Scientist,Passed,14,20,16,9
Ishaan Joshi984,ishaan.joshi984@example.com,Software Engineer,Passed,10,23,9,17
Vivaan Malhotra985,vivaan.malhotra985@example.com,AI Engineer,Failed,22,19,21,8
Riya Patel986,riya.patel986@example.com,Software Engineer,Passed,22,9,23,21
Vivaan Singh987,vivaan.singh987@example.com,Product Manager,Pending,18,23,15,24
Meera Agarwal988,meera.agarwal988@example.com,Business Analyst,Pending,25,10,22,16
Ishaan Agarwal989,ishaan.agarwal989@example.com,UI/UX Designer,Failed,13,7,15,24
Aditya Malhotra990,aditya.malhotra990@example.com,Backend Developer,Failed,22,23,21,20
Aditya Singh991,aditya.singh991@example.com,Backend Developer,Passed,21,19,13,25
Diya Shah992,diya.shah992@example.com,Backend Developer,Pending,22,15,12,20
Aarav Gupta993,aarav.gupta993@example.com,Data Scientist,Passed,6,5,15,20
